Test Accuracy, Restored Model Test Accuracy 
0.9227895140647888,0.9227895140647888
