Test Accuracy, Restored Model Test Accuracy 
0.8979591727256775,0.8979591727256775
