Test Accuracy, Restored Model Test Accuracy 
0.9167974591255188,0.9167974591255188
