Test Accuracy, Restored Model Test Accuracy 
0.9211563467979431,0.9211563467979431
