Test Accuracy, Restored Model Test Accuracy 
0.9014454483985901,0.9014454483985901
