Test Accuracy, Restored Model Test Accuracy 
0.8961892127990723,0.8961892127990723
