Folder, Infection Percentage
Verilog3, 0.10226884933171453
NORVerilog3, 0.09928776832696086
K-MersRandomMut_custom3, 0.07718095373236686
K-MersRandomMut_custom_NOR3, 0.09123418700952969
