Folder, Infection Percentage
Verilog2, 0.01105063027484991
NORVerilog2, 0.00389247676887606
K-MersRandomMut_custom2, 0.7794344436552155
K-MersRandomMut_custom_NOR2, 0.9140781040569095
