Test Accuracy, Restored Model Test Accuracy 
0.9172142148017883,0.9172142148017883
