Test Accuracy, Restored Model Test Accuracy 
0.9117199182510376,0.9117199182510376
