Epoch, Loss, Validation Loss, Accuracy, Validation Accuracy
1, 0.16979056596755981, 0.10404250025749207, 0.938887357711792, 0.961206316947937
