Epoch, Loss, Validation Loss, Accuracy, Validation Accuracy
1, 1.1770914793014526, 1.271106243133545, 0.6000000238418579, 0.3333333432674408
