Epoch, Loss, Validation Loss, Accuracy, Validation Accuracy
1, 1.5125890970230103, 1.4675546884536743, 0.0, 0.3333333432674408
