Test Accuracy, Restored Model Test Accuracy 
0.92464679479599,0.92464679479599
