Test Accuracy, Restored Model Test Accuracy 
0.8704856634140015,0.8704856634140015
