Test Accuracy, Restored Model Test Accuracy 
0.9497568607330322,0.9497568607330322
