Test Accuracy, Restored Model Test Accuracy 
0.9700787663459778,0.9700787663459778
