Test Accuracy, Restored Model Test Accuracy 
0.4946727454662323,0.4946727454662323
