Test Accuracy, Restored Model Test Accuracy 
0.534246563911438,0.534246563911438
