Folder, Infection Percentage
Verilog2, 0.3911648647837903
NORVerilog2, 0.3846058741650455
K-MersRandomMut_custom2, 0.30952252533587793
K-MersRandomMut_custom_NOR2, 0.35808337804182694
