Test Accuracy, Restored Model Test Accuracy 
0.8414442539215088,0.8414442539215088
