Test Accuracy, Restored Model Test Accuracy 
0.8964992165565491,0.8964992165565491
