Test Accuracy, Restored Model Test Accuracy 
0.8883048892021179,0.8883048892021179
