Test Accuracy, Restored Model Test Accuracy 
0.9748031497001648,0.9748031497001648
