Test Accuracy, Restored Model Test Accuracy 
0.9263157844543457,0.9263157844543457
