Test Accuracy, Restored Model Test Accuracy 
0.9536842107772827,0.9536842107772827
