Test Accuracy, Restored Model Test Accuracy 
0.9854133129119873,0.9854133129119873
