Test Accuracy, Restored Model Test Accuracy 
0.7634690999984741,0.7634690999984741
