Test Accuracy, Restored Model Test Accuracy 
0.9147641062736511,0.9147641062736511
